<ButtonLabel>
  <Login>Login</Login>
  <Activation>Activate</Activation>
  <TransferMenu>Transfer</TransferMenu>
  <BuyMe>Buy</BuyMe>
  <Bill>Bill Payment</Bill>
  <Account>Account</Account>
  <SelfTransfer>To Self</SelfTransfer>
  <OthersTransfer>To Others</OthersTransfer>
  <EmoneyToBank>Emoney-to-bank</EmoneyToBank>
  <BankToEmoney>Bank-to-emoney</BankToEmoney>
  <EmoneyToEmoeny>Emoney-to-emoney</EmoneyToEmoeny>
  <EmoneyToBankOther>Emoney-to-bank</EmoneyToBankOther>
  <BankToEmoneyOther>Bank-to-emoney</BankToEmoneyOther>
  <BankToBank>Bank-to-bank</BankToBank>
  <ToZenith>To Zenith</ToZenith>
  <ToOther>To Others</ToOther>
  <Purchase>Purchase</Purchase>
  <Airtime>Airtime</Airtime>
  <visafone>Visafone</visafone>
  <Other>To Others</Other>
  <Self>To Self</Self>
  <Others>To Others</Others>
  <MTN>MTN</MTN>
  <Glo>Glo</Glo>
  <Airtel>Airtel</Airtel>
  <eaZymoney>eaZymoney</eaZymoney>
  <Bank>Bank</Bank>
  <ChangePIN>Change PIN</ChangePIN>
  <CheckBalance>Check Balance</CheckBalance>
  <History>History</History>
  <CashOut>Cash Out</CashOut>
  <custRegistration>Customer Registration</custRegistration>
  <servicetxn>Service Transactions</servicetxn>
  <FromBank>From Bank</FromBank>
  <ToBank>To Bank</ToBank>
  <ToAgent>To Agent</ToAgent>
  <Cashin>Cash In</Cashin>
  <Billpayment>Bill Payment</Billpayment>
  <sendreceipt>Send Receipt</sendreceipt>
  <cashout>Cash Out</cashout>
</ButtonLabel>