<Labels>
        <sourceMDN>MDN</sourceMDN>
        <sourcePIN>NewPin</sourcePIN>      
        <newPIN>Pin</newPIN>
        <otp>OneTimePin</otp>
        <confirmPIN>ConfirmPin</confirmPIN> 
        <destMDN>DestinationMDN</destMDN> 
        <amount>Amount</amount>  
        <oldPIN>OldPin</oldPIN>
        <secretAnswer>SecretAnswer</secretAnswer>      
        <contactNumber>ContactNumber</contactNumber>
        <email>Email</email>
        <partnerCode>PartnerCode</partnerCode> 
        <agentCode>AgentCode</agentCode> 
        <merchantCode>MerchantCode</merchantCode>
        <authenticationString>Pin</authenticationString>      
        <billerCode>BillerCode</billerCode>
        <destBankAccount>DestBankAccount</destBankAccount>
        <destAccountNo>DestAccountNo</destAccountNo> 
        <destBankCode>DestBankCode</destBankCode> 
        <billNo>BillNo</billNo>
                  
</Labels>